1771673037,rnbqkbnr/pppppppp/8/8/8/4P3/PPPP1PPP/RNBQKBNR b KQkq - 0 1,0.10,6425,d7d5,1,0,d7d5
1771673042,rnbqkbnr/ppp1pppp/8/3p4/8/2N1P3/PPPP1PPP/R1BQKBNR b KQkq - 1 2,0.10,4787,d7d5,0,1,d7d5
1771673048,rnbqkbnr/pppppppp/8/8/8/5N2/PPPPPPPP/RNBQKB1R b KQkq - 1 1,0.10,4904,d7d5,1,0,d7d5
1771673053,rnbqkbnr/ppp1pppp/8/3p4/8/5NP1/PPPPPP1P/RNBQKB1R b KQkq - 0 2,0.10,4798,d7d5,0,1,d7d5
1771673059,rnbqkbnr/pppppppp/8/8/8/7N/PPPPPPPP/RNBQKB1R b KQkq - 1 1,0.10,4848,d7d5,1,0,d7d5
1771673065,rnbqkbnr/ppp1pppp/8/3p4/6P1/7N/PPPPPP1P/RNBQKB1R b KQkq g3 0 2,0.10,5092,d7d5,0,1,d7d5
1771673071,rnbqkbnr/pppppppp/8/8/6P1/8/PPPPPP1P/RNBQKBNR b KQkq g3 0 1,0.10,5265,d7d5,1,0,d7d5
1771673076,rnbqkbnr/ppp1pppp/8/3p4/6P1/P7/1PPPPP1P/RNBQKBNR b KQkq - 0 2,0.10,4615,d7d5,0,1,d7d5
1771673082,rnbqkbnr/pppppppp/8/8/8/3P4/PPP1PPPP/RNBQKBNR b KQkq - 0 1,0.10,4736,d7d5,1,0,d7d5
1771673087,rnbqkbnr/ppp1pppp/8/3p4/5P2/3P4/PPP1P1PP/RNBQKBNR b KQkq f3 0 2,0.10,4813,d7d5,0,1,d7d5
1771673092,rnbqkbnr/pppppppp/8/8/8/5P2/PPPPP1PP/RNBQKBNR b KQkq - 0 1,0.10,4278,d7d5,1,0,d7d5
1771673097,rnbqkbnr/ppp1pppp/8/3p4/8/5PP1/PPPPP2P/RNBQKBNR b KQkq - 0 2,0.10,4694,d7d5,0,1,d7d5
1771673103,rnbqkbnr/pppppppp/8/8/8/5P2/PPPPP1PP/RNBQKBNR b KQkq - 0 1,0.10,4625,d7d5,1,0,d7d5
1771673108,rnbqkbnr/ppp1pppp/8/3p4/4P3/5P2/PPPP2PP/RNBQKBNR b KQkq e3 0 2,0.10,4755,d7d5,0,1,d7d5
1771673113,rnbqkbnr/pppppppp/8/8/8/6P1/PPPPPP1P/RNBQKBNR b KQkq - 0 1,0.10,4581,d7d5,1,0,d7d5
1771673119,rnbqkbnr/ppp1pppp/8/3p4/2P5/6P1/PP1PPP1P/RNBQKBNR b KQkq c3 0 2,0.10,4948,d7d5,0,1,d7d5
1771673124,rnbqkbnr/pppppppp/8/8/2P5/8/PP1PPPPP/RNBQKBNR b KQkq c3 0 1,0.10,4722,d7d5,1,0,d7d5
1771673129,rnbqkbnr/ppp1pppp/8/3p4/2P3P1/8/PP1PPP1P/RNBQKBNR b KQkq g3 0 2,0.10,4799,d7d5,0,1,d7d5
1771673135,rnbqkbnr/pppppppp/8/8/8/N7/PPPPPPPP/R1BQKBNR b KQkq - 1 1,0.10,4760,d7d5,1,0,d7d5
1771673140,rnbqkbnr/ppp1pppp/8/3p4/8/N6P/PPPPPPP1/R1BQKBNR b KQkq - 0 2,0.10,4698,d7d5,0,1,d7d5
1771673146,rnbqkbnr/pppppppp/8/8/8/1P6/P1PPPPPP/RNBQKBNR b KQkq - 0 1,0.10,4620,d7d5,1,0,d7d5
1771673151,rnbqkbnr/ppp1pppp/8/3p4/3P4/1P6/P1P1PPPP/RNBQKBNR b KQkq d3 0 2,0.10,4949,d7d5,0,1,d7d5
1771673157,rnbqkbnr/pppppppp/8/8/8/P7/1PPPPPPP/RNBQKBNR b KQkq - 0 1,0.10,4763,d7d5,1,0,d7d5
1771673162,rnbqkbnr/ppp1pppp/8/3p4/3P4/P7/1PP1PPPP/RNBQKBNR b KQkq d3 0 2,0.10,4764,d7d5,0,1,d7d5
1771673168,rnbqkbnr/pppppppp/8/8/8/5N2/PPPPPPPP/RNBQKB1R b KQkq - 1 1,0.10,4858,d7d5,1,0,d7d5
1771673173,rnbqkbnr/ppp1pppp/8/3p4/8/2N2N2/PPPPPPPP/R1BQKB1R b KQkq - 1 2,0.10,4954,d7d5,0,1,d7d5
1771673179,rnbqkbnr/pppppppp/8/8/8/3P4/PPP1PPPP/RNBQKBNR b KQkq - 0 1,0.10,4993,d7d5,1,0,d7d5
1771673184,rnbqkbnr/ppp1pppp/8/3p4/2P5/3P4/PP2PPPP/RNBQKBNR b KQkq c3 0 2,0.10,5009,d7d5,0,1,d7d5
1771673190,rnbqkbnr/pppppppp/8/8/5P2/8/PPPPP1PP/RNBQKBNR b KQkq f3 0 1,0.10,4880,d7d5,1,0,d7d5
1771673195,rnbqkbnr/ppp1pppp/8/3p4/5P2/8/PPPPPKPP/RNBQ1BNR b kq - 1 2,0.10,4898,d7d5,0,1,d7d5
1771673201,rnbqkbnr/pppppppp/8/8/8/1P6/P1PPPPPP/RNBQKBNR b KQkq - 0 1,0.10,4533,d7d5,1,0,d7d5
1771673206,rnbqkbnr/ppp1pppp/8/3p4/7P/1P6/P1PPPPP1/RNBQKBNR b KQkq h3 0 2,0.10,4772,d7d5,0,1,d7d5
1771673212,rnbqkbnr/pppppppp/8/8/1P6/8/P1PPPPPP/RNBQKBNR b KQkq b3 0 1,0.10,4637,d7d5,1,0,d7d5
1771673217,rnbqkbnr/ppp1pppp/8/3p4/1P4P1/8/P1PPPP1P/RNBQKBNR b KQkq g3 0 2,0.10,4770,d7d5,0,1,d7d5
1771673223,rnbqkbnr/pppppppp/8/8/4P3/8/PPPP1PPP/RNBQKBNR b KQkq e3 0 1,0.10,4884,d7d5,1,0,d7d5
1771673228,rnbqkbnr/ppp1pppp/8/3p4/4P3/6P1/PPPP1P1P/RNBQKBNR b KQkq - 0 2,0.10,4668,d7d5,0,1,d7d5
1771673234,rnbqkbnr/pppppppp/8/8/6P1/8/PPPPPP1P/RNBQKBNR b KQkq g3 0 1,0.10,4863,d7d5,1,0,d7d5
1771673239,rnbqkbnr/ppp1pppp/8/3p4/6P1/5N2/PPPPPP1P/RNBQKB1R b KQkq - 1 2,0.10,4939,d7d5,0,1,d7d5
1771673244,rnbqkbnr/pppppppp/8/8/8/7P/PPPPPPP1/RNBQKBNR b KQkq - 0 1,0.10,4566,d7d5,1,0,d7d5
1771673250,rnbqkbnr/ppp1pppp/8/3p4/8/2N4P/PPPPPPP1/R1BQKBNR b KQkq - 1 2,0.10,5036,d7d5,0,1,d7d5
1771673256,rnbqkbnr/pppppppp/8/8/8/N7/PPPPPPPP/R1BQKBNR b KQkq - 1 1,0.10,4765,d7d5,1,0,d7d5
1771673261,rnbqkbnr/ppp1pppp/8/3p4/5P2/N7/PPPPP1PP/R1BQKBNR b KQkq f3 0 2,0.10,5580,d7d5,0,1,d7d5
1771673267,rnbqkbnr/pppppppp/8/8/8/5N2/PPPPPPPP/RNBQKB1R b KQkq - 1 1,0.10,4724,d7d5,1,0,d7d5
1771673272,rnbqkbnr/ppp1pppp/8/3p4/8/5NP1/PPPPPP1P/RNBQKB1R b KQkq - 0 2,0.10,4887,d7d5,0,1,d7d5
1771673278,rnbqkbnr/pppppppp/8/8/8/3P4/PPP1PPPP/RNBQKBNR b KQkq - 0 1,0.10,4878,d7d5,1,0,d7d5
1771673283,rnbqkbnr/ppp1pppp/8/3p4/8/N2P4/PPP1PPPP/R1BQKBNR b KQkq - 1 2,0.10,4762,d7d5,0,1,d7d5
1771673289,rnbqkbnr/pppppppp/8/8/8/7P/PPPPPPP1/RNBQKBNR b KQkq - 0 1,0.10,5100,d7d5,1,0,d7d5
1771673295,rnbqkbnr/ppp1pppp/8/3p4/4P3/7P/PPPP1PP1/RNBQKBNR b KQkq e3 0 2,0.10,5079,d7d5,0,1,d7d5
1771673300,rnbqkbnr/pppppppp/8/8/8/4P3/PPPP1PPP/RNBQKBNR b KQkq - 0 1,0.10,4596,d7d5,1,0,d7d5
1771673305,rnbqkbnr/ppp1pppp/8/3p4/8/N3P3/PPPP1PPP/R1BQKBNR b KQkq - 1 2,0.10,4845,d7d5,0,1,d7d5
1771673311,rnbqkbnr/pppppppp/8/8/8/2N5/PPPPPPPP/R1BQKBNR b KQkq - 1 1,0.10,4595,d7d5,1,0,d7d5
1771673316,rnbqkbnr/ppp1pppp/8/1N1p4/8/8/PPPPPPPP/R1BQKBNR b KQkq - 1 2,0.10,5119,d7d5,0,1,d7d5
1771673322,rnbqkbnr/pppppppp/8/8/8/N7/PPPPPPPP/R1BQKBNR b KQkq - 1 1,0.10,4905,d7d5,1,0,d7d5
1771673327,rnbqkbnr/ppp1pppp/8/3p4/8/N6P/PPPPPPP1/R1BQKBNR b KQkq - 0 2,0.10,4763,d7d5,0,1,d7d5
1771673334,rnbqkbnr/pppppppp/8/8/8/3P4/PPP1PPPP/RNBQKBNR b KQkq - 0 1,0.10,4931,d7d5,1,0,d7d5
1771673339,rnbqkbnr/ppp1pppp/8/3p4/8/3P4/PPPBPPPP/RN1QKBNR b KQkq - 1 2,0.10,5220,d7d5,0,1,d7d5
1771673345,rnbqkbnr/pppppppp/8/8/8/7N/PPPPPPPP/RNBQKB1R b KQkq - 1 1,0.10,4822,d7d5,1,0,d7d5
1771673350,rnbqkbnr/ppp1pppp/8/3p4/6P1/7N/PPPPPP1P/RNBQKB1R b KQkq g3 0 2,0.10,5247,d7d5,0,1,d7d5
1771673356,rnbqkbnr/pppppppp/8/8/7P/8/PPPPPPP1/RNBQKBNR b KQkq h3 0 1,0.10,4554,d7d5,1,0,d7d5
1771673361,rnbqkbnr/ppp1pppp/8/3p4/7P/7R/PPPPPPP1/RNBQKBN1 b Qkq - 1 2,0.10,4954,d7d5,0,1,d7d5
1771673367,rnbqkbnr/pppppppp/8/8/1P6/8/P1PPPPPP/RNBQKBNR b KQkq b3 0 1,0.10,4569,d7d5,1,0,d7d5
1771673372,rnbqkbnr/ppp1pppp/8/3p4/1P6/5P2/P1PPP1PP/RNBQKBNR b KQkq - 0 2,0.10,4856,d7d5,0,1,d7d5
1771673378,rnbqkbnr/pppppppp/8/8/8/2N5/PPPPPPPP/R1BQKBNR b KQkq - 1 1,0.10,5408,d7d5,1,0,d7d5
1771673383,rnbqkbnr/ppp1pppp/8/3p4/8/2N4N/PPPPPPPP/R1BQKB1R b KQkq - 1 2,0.10,4892,d7d5,0,1,d7d5
1771673389,rnbqkbnr/pppppppp/8/8/4P3/8/PPPP1PPP/RNBQKBNR b KQkq e3 0 1,0.10,4691,d7d5,1,0,d7d5
1771673394,rnbqkbnr/ppp1pppp/8/3p4/4P3/5N2/PPPP1PPP/RNBQKB1R b KQkq - 1 2,0.10,4880,d7d5,0,1,d7d5
1771673400,rnbqkbnr/pppppppp/8/8/2P5/8/PP1PPPPP/RNBQKBNR b KQkq c3 0 1,0.10,4722,d7d5,1,0,d7d5
1771673405,rnbqkbnr/ppp1pppp/8/3p4/2P5/2N5/PP1PPPPP/R1BQKBNR b KQkq - 1 2,0.10,5006,d7d5,0,1,d7d5
1771673411,rnbqkbnr/pppppppp/8/8/8/P7/1PPPPPPP/RNBQKBNR b KQkq - 0 1,0.10,4756,d7d5,1,0,d7d5
1771673416,rnbqkbnr/ppp1pppp/8/3p4/5P2/P7/1PPPP1PP/RNBQKBNR b KQkq f3 0 2,0.10,5009,d7d5,0,1,d7d5
1771673423,rnbqkbnr/pppppppp/8/8/8/3P4/PPP1PPPP/RNBQKBNR b KQkq - 0 1,0.10,4947,d7d5,1,0,d7d5
1771673428,rnbqkbnr/ppp1pppp/8/3p4/8/3P3N/PPP1PPPP/RNBQKB1R b KQkq - 1 2,0.10,4751,d7d5,0,1,d7d5
1771673434,rnbqkbnr/pppppppp/8/8/8/4P3/PPPP1PPP/RNBQKBNR b KQkq - 0 1,0.10,4985,d7d5,1,0,d7d5
1771673439,rnbqkbnr/ppp1pppp/8/3p4/8/N3P3/PPPP1PPP/R1BQKBNR b KQkq - 1 2,0.10,4701,d7d5,0,1,d7d5
1771673444,rnbqkbnr/pppppppp/8/8/8/2N5/PPPPPPPP/R1BQKBNR b KQkq - 1 1,0.10,4845,d7d5,1,0,d7d5
1771673450,rnbqkbnr/ppp1pppp/8/3p4/8/2N4N/PPPPPPPP/R1BQKB1R b KQkq - 1 2,0.10,4930,d7d5,0,1,d7d5
1771673455,rnbqkbnr/pppppppp/8/8/8/N7/PPPPPPPP/R1BQKBNR b KQkq - 1 1,0.10,4610,d7d5,1,0,d7d5
1771673460,rnbqkbnr/ppp1pppp/8/3p4/8/N6P/PPPPPPP1/R1BQKBNR b KQkq - 0 2,0.10,4847,d7d5,0,1,d7d5
1771673466,rnbqkbnr/pppppppp/8/8/8/6P1/PPPPPP1P/RNBQKBNR b KQkq - 0 1,0.10,4940,d7d5,1,0,d7d5
1771673472,rnbqkbnr/ppp1pppp/8/3p4/8/2N3P1/PPPPPP1P/R1BQKBNR b KQkq - 1 2,0.10,5344,d7d5,0,1,d7d5
1771673478,rnbqkbnr/pppppppp/8/8/1P6/8/P1PPPPPP/RNBQKBNR b KQkq b3 0 1,0.10,4636,d7d5,1,0,d7d5
1771673483,rnbqkbnr/ppp1pppp/8/3p4/1P2P3/8/P1PP1PPP/RNBQKBNR b KQkq e3 0 2,0.10,4905,d7d5,0,1,d7d5
1771673489,rnbqkbnr/pppppppp/8/8/8/P7/1PPPPPPP/RNBQKBNR b KQkq - 0 1,0.10,4648,d7d5,1,0,d7d5
1771673494,rnbqkbnr/ppp1pppp/8/3p4/8/P3P3/1PPP1PPP/RNBQKBNR b KQkq - 0 2,0.10,4854,d7d5,0,1,d7d5
1771673499,rnbqkbnr/pppppppp/8/8/8/2N5/PPPPPPPP/R1BQKBNR b KQkq - 1 1,0.10,4727,d7d5,1,0,d7d5
1771673504,rnbqkbnr/ppp1pppp/8/3p4/8/2N5/PPPPPPPP/1RBQKBNR b Kkq - 1 2,0.10,4822,d7d5,0,1,d7d5
1771673510,rnbqkbnr/pppppppp/8/8/8/2N5/PPPPPPPP/R1BQKBNR b KQkq - 1 1,0.10,4779,d7d5,1,0,d7d5
1771673515,rnbqkbnr/ppp1pppp/8/3p4/8/8/PPPPPPPP/RNBQKBNR b KQkq - 1 2,0.10,4686,d7d5,0,1,d7d5
1771673521,rnbqkbnr/pppppppp/8/8/3P4/8/PPP1PPPP/RNBQKBNR b KQkq d3 0 1,0.10,4684,d7d5,1,0,d7d5
1771673526,rnbqkbnr/ppp1pppp/8/3p4/3P4/5P2/PPP1P1PP/RNBQKBNR b KQkq - 0 2,0.10,4891,d7d5,0,1,d7d5
1771673532,rnbqkbnr/pppppppp/8/8/8/7P/PPPPPPP1/RNBQKBNR b KQkq - 0 1,0.10,4615,d7d5,1,0,d7d5
1771673537,rnbqkbnr/ppp1pppp/8/3p4/8/6PP/PPPPPP2/RNBQKBNR b KQkq - 0 2,0.10,5014,d7d5,0,1,d7d5
1771673543,rnbqkbnr/pppppppp/8/8/8/3P4/PPP1PPPP/RNBQKBNR b KQkq - 0 1,0.10,4658,d7d5,1,0,d7d5
1771673548,rnbqkbnr/ppp1pppp/8/3p2B1/8/3P4/PPP1PPPP/RN1QKBNR b KQkq - 1 2,0.10,4878,d7d5,0,1,d7d5
1771673554,rnbqkbnr/pppppppp/8/8/8/5P2/PPPPP1PP/RNBQKBNR b KQkq - 0 1,0.10,4941,d7d5,1,0,d7d5
1771673559,rnbqkbnr/ppp1pppp/8/3p4/2P5/5P2/PP1PP1PP/RNBQKBNR b KQkq c3 0 2,0.10,5088,d6d5,0,1,d6d5
1771673565,rnbqkbnr/pppppppp/8/8/8/6P1/PPPPPP1P/RNBQKBNR b KQkq - 0 1,0.10,4657,d7d5,1,0,d7d5
1771673570,rnbqkbnr/ppp1pppp/8/3p4/8/5NP1/PPPPPP1P/RNBQKB1R b KQkq - 1 2,0.10,5042,d7d5,0,1,d7d5
1771673576,rnbqkbnr/pppppppp/8/8/2P5/8/PP1PPPPP/RNBQKBNR b KQkq c3 0 1,0.10,4726,d7d5,1,0,d7d5
1771673581,rnbqkbnr/ppp1pppp/8/3p4/P1P5/8/1P1PPPPP/RNBQKBNR b KQkq a3 0 2,0.10,4797,d7d5,0,1,d7d5
1771673587,rnbqkbnr/pppppppp/8/8/7P/8/PPPPPPP1/RNBQKBNR b KQkq h3 0 1,0.10,4745,d7d5,1,0,d7d5
1771673592,rnbqkbnr/ppp1pppp/8/3p4/7P/5N2/PPPPPPP1/RNBQKB1R b KQkq - 1 2,0.10,5285,d7d5,0,1,d7d5
1771673598,rnbqkbnr/pppppppp/8/8/2P5/8/PP1PPPPP/RNBQKBNR b KQkq c3 0 1,0.10,4655,d7d5,1,0,d7d5
1771673604,rnbqkbnr/ppp1pppp/8/3p4/2P1P3/8/PP1P1PPP/RNBQKBNR b KQkq e3 0 2,0.10,5457,d7d5,0,1,d7d5
1771673610,rnbqkbnr/pppppppp/8/8/7P/8/PPPPPPP1/RNBQKBNR b KQkq h3 0 1,0.10,4760,d7d5,1,0,d7d5
1771673615,rnbqkbnr/ppp1pppp/8/3p4/7P/8/PPPPPPPR/RNBQKBN1 b Qkq - 1 2,0.10,4991,d7d5,0,1,d7d5
1771673621,rnbqkbnr/pppppppp/8/8/8/2N5/PPPPPPPP/R1BQKBNR b KQkq - 1 1,0.10,4718,d7d5,1,0,d7d5
1771673626,rnbqkbnr/ppp1pppp/8/3p4/4N3/8/PPPPPPPP/R1BQKBNR b KQkq - 1 2,0.10,4913,d7d5,0,1,d7d5
1771673632,rnbqkbnr/pppppppp/8/8/8/P7/1PPPPPPP/RNBQKBNR b KQkq - 0 1,0.10,5242,d7d5,1,0,d7d5
1771673638,rnbqkbnr/ppp1pppp/8/3p4/7P/P7/1PPPPPP1/RNBQKBNR b KQkq h3 0 2,0.10,5480,d7d5,0,1,d7d5
1771673644,rnbqkbnr/pppppppp/8/8/5P2/8/PPPPP1PP/RNBQKBNR b KQkq f3 0 1,0.10,4938,d7d5,1,0,d7d5
1771673649,rnbqkbnr/ppp1pppp/8/3p4/2P2P2/8/PP1PP1PP/RNBQKBNR b KQkq c3 0 2,0.10,4788,d7d5,0,1,d7d5
1771673655,rnbqkbnr/pppppppp/8/8/1P6/8/P1PPPPPP/RNBQKBNR b KQkq b3 0 1,0.10,4890,d7d5,1,0,d7d5
1771673660,rnbqkbnr/ppp1pppp/8/3p4/1P6/5P2/P1PPP1PP/RNBQKBNR b KQkq - 0 2,0.10,4888,d7d5,0,1,d7d5
1771673666,rnbqkbnr/pppppppp/8/8/8/7N/PPPPPPPP/RNBQKB1R b KQkq - 1 1,0.10,4568,d7d5,1,0,d7d5
1771673671,rnbqkbnr/ppp1pppp/8/3p4/1P6/7N/P1PPPPPP/RNBQKB1R b KQkq b3 0 2,0.10,4815,d7d5,0,1,d7d5
1771673677,rnbqkbnr/pppppppp/8/8/8/P7/1PPPPPPP/RNBQKBNR b KQkq - 0 1,0.10,4771,d7d5,1,0,d7d5
1771673682,rnbqkbnr/ppp1pppp/8/3p4/8/P4N2/1PPPPPPP/RNBQKB1R b KQkq - 1 2,0.10,4942,d7d5,0,1,d7d5
1771673688,rnbqkbnr/pppppppp/8/8/4P3/8/PPPP1PPP/RNBQKBNR b KQkq e3 0 1,0.10,4674,d7d5,1,0,d7d5
1771673693,rnbqkbnr/ppp1pppp/8/3p4/4P1Q1/8/PPPP1PPP/RNB1KBNR b KQkq - 1 2,0.10,4998,d7d5,0,1,d7d5
1771673699,rnbqkbnr/pppppppp/8/8/8/N7/PPPPPPPP/R1BQKBNR b KQkq - 1 1,0.10,4604,d7d5,1,0,d7d5
1771673704,rnbqkbnr/ppp1pppp/8/3p4/7P/N7/PPPPPPP1/R1BQKBNR b KQkq h3 0 2,0.10,4996,d7d5,0,1,d7d5
1771673710,rnbqkbnr/pppppppp/8/8/2P5/8/PP1PPPPP/RNBQKBNR b KQkq c3 0 1,0.10,4706,d7d5,1,0,d7d5
1771673715,rnbqkbnr/ppp1pppp/8/3p4/2P5/8/PPQPPPPP/RNB1KBNR b KQkq - 1 2,0.10,4756,d7d5,0,1,d7d5
1771673721,rnbqkbnr/pppppppp/8/8/8/1P6/P1PPPPPP/RNBQKBNR b KQkq - 0 1,0.10,4861,d7d5,1,0,d7d5
1771673726,rnbqkbnr/ppp1pppp/8/3p4/8/1P6/PBPPPPPP/RN1QKBNR b KQkq - 1 2,0.10,4803,d7d5,0,1,d7d5
1771673732,rnbqkbnr/pppppppp/8/8/2P5/8/PP1PPPPP/RNBQKBNR b KQkq c3 0 1,0.10,4785,d7d5,1,0,d7d5
1771673737,rnbqkbnr/ppp1pppp/8/3p4/2P3P1/8/PP1PPP1P/RNBQKBNR b KQkq g3 0 2,0.10,4994,d7d5,0,1,d7d5
1771673743,rnbqkbnr/pppppppp/8/8/8/2N5/PPPPPPPP/R1BQKBNR b KQkq - 1 1,0.10,4828,d7d5,1,0,d7d5
1771673748,rnbqkbnr/ppp1pppp/8/3p4/8/2N4P/PPPPPPP1/R1BQKBNR b KQkq - 0 2,0.10,4959,d7d5,0,1,d7d5
1771673755,rnbqkbnr/pppppppp/8/8/8/1P6/P1PPPPPP/RNBQKBNR b KQkq - 0 1,0.10,6272,d7d5,1,0,d7d5
1771673763,rnbqkbnr/ppp1pppp/8/3p4/8/1P3N2/P1PPPPPP/RNBQKB1R b KQkq - 1 2,0.10,7161,d7d5,0,1,d7d5
1771673771,rnbqkbnr/pppppppp/8/8/8/N7/PPPPPPPP/R1BQKBNR b KQkq - 1 1,0.10,7454,d7d5,1,0,d7d5
1771673778,rnbqkbnr/ppp1pppp/8/3p4/1P6/N7/P1PPPPPP/R1BQKBNR b KQkq b3 0 2,0.10,6566,d7d5,0,1,d7d5
1771673784,rnbqkbnr/pppppppp/8/8/8/2N5/PPPPPPPP/R1BQKBNR b KQkq - 1 1,0.10,4577,d7d5,1,0,d7d5
1771673789,rnbqkbnr/ppp1pppp/8/3p4/8/2N2P2/PPPPP1PP/R1BQKBNR b KQkq - 0 2,0.10,5058,d7d5,0,1,d7d5
1771673795,rnbqkbnr/pppppppp/8/8/2P5/8/PP1PPPPP/RNBQKBNR b KQkq c3 0 1,0.10,4768,d7d5,1,0,d7d5
1771673800,rnbqkbnr/ppp1pppp/8/3p4/P1P5/8/1P1PPPPP/RNBQKBNR b KQkq a3 0 2,0.10,4889,d7d5,0,1,d7d5
1771673806,rnbqkbnr/pppppppp/8/8/8/4P3/PPPP1PPP/RNBQKBNR b KQkq - 0 1,0.10,4852,d7d5,1,0,d7d5
1771673811,rnbqkbnr/ppp1pppp/8/3p4/2P5/4P3/PP1P1PPP/RNBQKBNR b KQkq c3 0 2,0.10,5042,d6d5,0,1,d6d5
1771673817,rnbqkbnr/pppppppp/8/8/4P3/8/PPPP1PPP/RNBQKBNR b KQkq e3 0 1,0.10,4637,d7d5,1,0,d7d5
1771673822,rnbqkbnr/ppp1pppp/8/3p4/4P3/2P5/PP1P1PPP/RNBQKBNR b KQkq - 0 2,0.10,4987,d7d5,0,1,d7d5
1771673828,rnbqkbnr/pppppppp/8/8/8/3P4/PPP1PPPP/RNBQKBNR b KQkq - 0 1,0.10,4659,d7d5,1,0,d7d5
1771673833,rnbqkbnr/ppp1pppp/8/3p4/4P3/3P4/PPP2PPP/RNBQKBNR b KQkq e3 0 2,0.10,4655,d7d5,0,1,d7d5
1771673838,rnbqkbnr/pppppppp/8/8/2P5/8/PP1PPPPP/RNBQKBNR b KQkq c3 0 1,0.10,4714,d7d5,1,0,d7d5
1771673843,rnbqkbnr/ppp1pppp/8/3p4/2P2P2/8/PP1PP1PP/RNBQKBNR b KQkq f3 0 2,0.10,4852,d7d5,0,1,d7d5
1771673849,rnbqkbnr/pppppppp/8/8/2P5/8/PP1PPPPP/RNBQKBNR b KQkq c3 0 1,0.10,4602,d7d5,1,0,d7d5
1771673854,rnbqkbnr/ppp1pppp/8/3P4/8/8/PP1PPPPP/RNBQKBNR b KQkq - 0 2,0.10,4733,d7d5,0,1,d7d5
1771673860,rnbqkbnr/pppppppp/8/8/1P6/8/P1PPPPPP/RNBQKBNR b KQkq b3 0 1,0.10,4588,d7d5,1,0,d7d5
1771673865,rnbqkbnr/ppp1pppp/8/3p4/1P6/7N/P1PPPPPP/RNBQKB1R b KQkq - 1 2,0.10,4756,d7d5,0,1,d7d5
1771673871,rnbqkbnr/pppppppp/8/8/8/1P6/P1PPPPPP/RNBQKBNR b KQkq - 0 1,0.10,4708,d7d5,1,0,d7d5
1771673876,rnbqkbnr/ppp1pppp/8/3p4/8/1P4P1/P1PPPP1P/RNBQKBNR b KQkq - 0 2,0.10,4824,d7d5,0,1,d7d5
1771673881,rnbqkbnr/pppppppp/8/8/2P5/8/PP1PPPPP/RNBQKBNR b KQkq c3 0 1,0.10,4697,d7d5,1,0,d7d5
1771673887,rnbqkbnr/ppp1pppp/8/3p4/2P5/5P2/PP1PP1PP/RNBQKBNR b KQkq - 0 2,0.10,5231,d7d5,0,1,d7d5
1771673893,rnbqkbnr/pppppppp/8/8/2P5/8/PP1PPPPP/RNBQKBNR b KQkq c3 0 1,0.10,5496,d7d5,1,0,d7d5
1771673899,rnbqkbnr/ppp1pppp/8/3p4/2P1P3/8/PP1P1PPP/RNBQKBNR b KQkq e3 0 2,0.10,5157,d7d5,0,1,d7d5
1771673905,rnbqkbnr/pppppppp/8/8/8/3P4/PPP1PPPP/RNBQKBNR b KQkq - 0 1,0.10,4777,d7d5,1,0,d7d5
1771673910,rnbqkbnr/ppp1pppp/8/3p4/5P2/3P4/PPP1P1PP/RNBQKBNR b KQkq f3 0 2,0.10,5107,d7d5,0,1,d7d5
1771673916,rnbqkbnr/pppppppp/8/8/8/7N/PPPPPPPP/RNBQKB1R b KQkq - 1 1,0.10,4670,d7d5,1,0,d7d5
1771673921,rnbqkbnr/ppp1pppp/8/3p4/8/7N/PPPPPPPP/RNBQKBR1 b Qkq - 1 2,0.10,4713,d7d5,0,1,d7d5
1771673926,rnbqkbnr/pppppppp/8/8/8/7P/PPPPPPP1/RNBQKBNR b KQkq - 0 1,0.10,4613,d7d5,1,0,d7d5
1771673932,rnbqkbnr/ppp1pppp/8/3p4/7P/8/PPPPPPP1/RNBQKBNR b KQkq - 0 2,0.10,4950,d7d5,0,1,d7d5
1771673937,rnbqkbnr/pppppppp/8/8/8/4P3/PPPP1PPP/RNBQKBNR b KQkq - 0 1,0.10,4733,d7d5,1,0,d7d5
1771673943,rnbqkbnr/ppp1pppp/8/3p4/8/4P3/PPPPBPPP/RNBQK1NR b KQkq - 1 2,0.10,4940,d7d5,0,1,d7d5
1771673949,rnbqkbnr/pppppppp/8/8/4P3/8/PPPP1PPP/RNBQKBNR b KQkq e3 0 1,0.10,4837,d7d5,1,0,d7d5
1771673953,rnbqkbnr/ppp1pppp/8/3p4/3PP3/8/PPP2PPP/RNBQKBNR b KQkq d3 0 2,0.10,4661,d7d5,0,1,d7d5
1771673959,rnbqkbnr/pppppppp/8/8/8/P7/1PPPPPPP/RNBQKBNR b KQkq - 0 1,0.10,4701,d7d5,1,0,d7d5
1771673964,rnbqkbnr/ppp1pppp/8/3p4/8/PP6/2PPPPPP/RNBQKBNR b KQkq - 0 2,0.10,4807,d7d5,0,1,d7d5
1771673970,rnbqkbnr/pppppppp/8/8/4P3/8/PPPP1PPP/RNBQKBNR b KQkq e3 0 1,0.10,4710,d7d5,1,0,d7d5
1771673975,rnbqkbnr/ppp1pppp/8/3p4/4P3/8/PPPPNPPP/RNBQKB1R b KQkq - 1 2,0.10,4860,d7d5,0,1,d7d5
1771673981,rnbqkbnr/pppppppp/8/8/8/N7/PPPPPPPP/R1BQKBNR b KQkq - 1 1,0.10,4558,d7d5,1,0,d7d5
1771673986,rnbqkbnr/ppp1pppp/8/3p4/8/N2P4/PPP1PPPP/R1BQKBNR b KQkq - 0 2,0.10,4773,d7d5,0,1,d7d5
1771673992,rnbqkbnr/pppppppp/8/8/8/1P6/P1PPPPPP/RNBQKBNR b KQkq - 0 1,0.10,4721,d7d5,1,0,d7d5
1771673997,rnbqkbnr/ppp1pppp/8/3p4/8/1PN5/P1PPPPPP/R1BQKBNR b KQkq - 1 2,0.10,4842,d7d5,0,1,d7d5
1771674002,rnbqkbnr/pppppppp/8/8/5P2/8/PPPPP1PP/RNBQKBNR b KQkq f3 0 1,0.10,4601,d7d5,1,0,d7d5
1771674008,rnbqkbnr/ppp1pppp/8/3p4/5P2/3P4/PPP1P1PP/RNBQKBNR b KQkq - 0 2,0.10,5229,d7d5,0,1,d7d5
1771674014,rnbqkbnr/pppppppp/8/8/8/6P1/PPPPPP1P/RNBQKBNR b KQkq - 0 1,0.10,4875,d7d5,1,0,d7d5
1771674019,rnbqkbnr/ppp1pppp/8/3p4/8/2N3P1/PPPPPP1P/R1BQKBNR b KQkq - 1 2,0.10,5035,d7d5,0,1,d7d5
1771674025,rnbqkbnr/pppppppp/8/8/8/4P3/PPPP1PPP/RNBQKBNR b KQkq - 0 1,0.10,4689,d7d5,1,0,d7d5
1771674030,rnbqkbnr/ppp1pppp/8/3p4/2P5/4P3/PP1P1PPP/RNBQKBNR b KQkq c3 0 2,0.10,5027,d7d5,0,1,d7d5
1771674036,rnbqkbnr/pppppppp/8/8/8/4P3/PPPP1PPP/RNBQKBNR b KQkq - 0 1,0.10,4658,d7d5,1,0,d7d5
1771674041,rnbqkbnr/ppp1pppp/B7/3p4/8/4P3/PPPP1PPP/RNBQK1NR b KQkq - 1 2,0.10,5037,d7d5,0,1,d7d5
1771674047,rnbqkbnr/pppppppp/8/8/8/2N5/PPPPPPPP/R1BQKBNR b KQkq - 1 1,0.10,4963,d7d5,1,0,d7d5
1771674052,rnbqkbnr/ppp1pppp/8/3p4/8/2N4N/PPPPPPPP/R1BQKB1R b KQkq - 1 2,0.10,5024,d7d5,0,1,d7d5
1771674058,rnbqkbnr/pppppppp/8/8/7P/8/PPPPPPP1/RNBQKBNR b KQkq h3 0 1,0.10,4645,d7d5,1,0,d7d5
1771674063,rnbqkbnr/ppp1pppp/8/3p4/2P4P/8/PP1PPPP1/RNBQKBNR b KQkq c3 0 2,0.10,4847,d7d5,0,1,d7d5
1771674069,rnbqkbnr/pppppppp/8/8/8/7N/PPPPPPPP/RNBQKB1R b KQkq - 1 1,0.10,4511,d7d5,1,0,d7d5
1771674074,rnbqkbnr/ppp1pppp/8/3p4/8/P6N/1PPPPPPP/RNBQKB1R b KQkq - 0 2,0.10,4589,d7d5,0,1,d7d5
1771674079,rnbqkbnr/pppppppp/8/8/8/2N5/PPPPPPPP/R1BQKBNR b KQkq - 1 1,0.10,4665,d7d5,1,0,d7d5
1771674085,rnbqkbnr/ppp1pppp/8/3p4/8/2N1P3/PPPP1PPP/R1BQKBNR b KQkq - 0 2,0.10,5172,d7d5,0,1,d7d5
1771674091,rnbqkbnr/pppppppp/8/8/8/5N2/PPPPPPPP/RNBQKB1R b KQkq - 1 1,0.10,4748,d7d5,1,0,d7d5
1771674096,rnbqkbnr/ppp1pppp/8/3p4/2P5/5N2/PP1PPPPP/RNBQKB1R b KQkq c3 0 2,0.10,4856,d7d5,0,1,d7d5
1771674101,rnbqkbnr/pppppppp/8/8/8/1P6/P1PPPPPP/RNBQKBNR b KQkq - 0 1,0.10,4572,d7d5,1,0,d7d5
1771674106,rnbqkbnr/ppp1pppp/8/3p4/4P3/1P6/P1PP1PPP/RNBQKBNR b KQkq e3 0 2,0.10,4854,d7d5,0,1,d7d5
1771674112,rnbqkbnr/pppppppp/8/8/3P4/8/PPP1PPPP/RNBQKBNR b KQkq d3 0 1,0.10,4737,d7d5,1,0,d7d5
1771674117,rnbqkbnr/ppp1pppp/8/3p4/3P3P/8/PPP1PPP1/RNBQKBNR b KQkq h3 0 2,0.10,4765,d7d5,0,1,d7d5
1771674123,rnbqkbnr/pppppppp/8/8/8/1P6/P1PPPPPP/RNBQKBNR b KQkq - 0 1,0.10,4645,d7d5,1,0,d7d5
1771674128,rnbqkbnr/ppp1pppp/8/3p4/8/1P1P4/P1P1PPPP/RNBQKBNR b KQkq - 0 2,0.10,5033,d7d5,0,1,d7d5
1771674522,rnbqkbnr/pppppppp/8/8/5P2/8/PPPPP1PP/RNBQKBNR b KQkq f3 0 1,0.10,10007,,0,1,
1771674534,rnbqkbnr/pppppppp/8/8/P7/8/1PPPPPPP/RNBQKBNR b KQkq a3 0 1,0.10,10000,,0,1,
1771674539,rnbqkbnr/pppppppp/8/8/1P6/8/P1PPPPPP/RNBQKBNR b KQkq b3 0 1,0.10,4470,d7d5,1,0,d7d5
1771674544,rnbqkbnr/ppp1pppp/8/3p4/1P6/7N/P1PPPPPP/RNBQKB1R b KQkq - 1 2,0.10,4699,d7d5,0,1,d7d5
1771674550,rnbqkbnr/pppppppp/8/8/8/6P1/PPPPPP1P/RNBQKBNR b KQkq - 0 1,0.10,4618,d7d5,1,0,d7d5
1771674555,rnbqkbnr/ppp1pppp/8/3p4/1P6/6P1/P1PPPP1P/RNBQKBNR b KQkq b3 0 2,0.10,4716,d7d5,0,1,d7d5
1771674560,rnbqkbnr/pppppppp/8/8/1P6/8/P1PPPPPP/RNBQKBNR b KQkq b3 0 1,0.10,4607,d7d5,1,0,d7d5
1771674565,rnbqkbnr/ppp1pppp/8/3p4/1P1P4/8/P1P1PPPP/RNBQKBNR b KQkq d3 0 2,0.10,4897,d7d5,0,1,d7d5
1771757828,rnbqkbnr/pppppppp/8/8/8/N7/PPPPPPPP/R1BQKBNR b KQkq - 1 1,0.80,6541,d7d6,1,0,d7d6
1771757834,rnbqkbnr/ppp1pppp/3p4/1N6/8/8/PPPPPPPP/R1BQKBNR b KQkq - 1 2,0.80,5761,d7d5,0,1,d7d5
1771757840,rnbqkbnr/pppppppp/8/8/8/2N5/PPPPPPPP/R1BQKBNR b KQkq - 1 1,0.80,5402,d7d5,1,0,d7d5
1771757846,rnbqkbnr/ppp1pppp/8/3N4/8/8/PPPPPPPP/R1BQKBNR b KQkq - 0 2,0.80,5356,d7d6,0,1,d7d6
1771757852,rnbqkbnr/pppppppp/8/8/5P2/8/PPPPP1PP/RNBQKBNR b KQkq f3 0 1,0.80,5323,d5d6,0,1,d5d6
1771757858,rnbqkbnr/pppppppp/8/8/6P1/8/PPPPPP1P/RNBQKBNR b KQkq g3 0 1,0.80,4991,d6d5,0,1,d6d5
1771757864,rnbqkbnr/pppppppp/8/8/8/1P6/P1PPPPPP/RNBQKBNR b KQkq - 0 1,0.80,5014,,0,1,d5
1771757871,rnbqkbnr/pppppppp/8/8/7P/8/PPPPPPP1/RNBQKBNR b KQkq h3 0 1,0.80,5218,,0,1,d5
1771757877,rnbqkbnr/pppppppp/8/8/1P6/8/P1PPPPPP/RNBQKBNR b KQkq b3 0 1,0.80,5297,d6d5,0,1,d6d5
1771757883,rnbqkbnr/pppppppp/8/8/8/4P3/PPPP1PPP/RNBQKBNR b KQkq - 0 1,0.80,5082,d7d5,1,0,d7d5
1771757889,rnbqkbnr/ppp1pppp/8/3p4/8/4P3/PPPPKPPP/RNBQ1BNR b kq - 1 2,0.80,5357,d7d5,0,1,d7d5
1771757895,rnbqkbnr/pppppppp/8/8/8/P7/1PPPPPPP/RNBQKBNR b KQkq - 0 1,0.80,5422,d7d6,1,0,d7d6
1771757901,rnbqkbnr/ppp1pppp/3p4/8/4P3/P7/1PPP1PPP/RNBQKBNR b KQkq e3 0 2,0.80,5608,d6d5,1,0,d6d5
1771757907,rnbqkbnr/ppp1pppp/8/3p4/4PP2/P7/1PPP2PP/RNBQKBNR b KQkq f3 0 3,0.80,5317,d7d5,0,1,d7d5
1771757914,rnbqkbnr/pppppppp/8/8/7P/8/PPPPPPP1/RNBQKBNR b KQkq h3 0 1,0.80,6250,d7d5,1,0,d7d5
1771757920,rnbqkbnr/ppp1pppp/8/3p3P/8/8/PPPPPPP1/RNBQKBNR b KQkq - 0 2,0.80,5292,d7d5,0,1,d7d5
1771757926,rnbqkbnr/pppppppp/8/8/8/6P1/PPPPPP1P/RNBQKBNR b KQkq - 0 1,0.80,5345,d5d4,0,1,d5d4
1771757932,rnbqkbnr/pppppppp/8/8/8/4P3/PPPP1PPP/RNBQKBNR b KQkq - 0 1,0.80,4911,d7d5,1,0,d7d5
1771757938,rnbqkbnr/ppp1pppp/8/3p4/8/4P2N/PPPP1PPP/RNBQKB1R b KQkq - 1 2,0.80,5579,d7d5,0,1,d7d5
1771757944,rnbqkbnr/pppppppp/8/8/8/5N2/PPPPPPPP/RNBQKB1R b KQkq - 1 1,0.80,5365,d7d6,1,0,d7d6
1771757950,rnbqkbnr/ppp1pppp/3p4/8/3P4/5N2/PPP1PPPP/RNBQKB1R b KQkq d3 0 2,0.80,5782,d7d5,0,1,d7d5
1771757957,rnbqkbnr/pppppppp/8/8/4P3/8/PPPP1PPP/RNBQKBNR b KQkq e3 0 1,0.80,5368,d6d5,0,1,d6d5
1771757963,rnbqkbnr/pppppppp/8/8/2P5/8/PP1PPPPP/RNBQKBNR b KQkq c3 0 1,0.80,4880,,0,1,d5
1771757965,rnbqkbnr/pppppppp/8/8/2P5/8/PP1PPPPP/RNBQKBNR b KQkq c3 0 1,0.80,870,d5d6,0,1,d5d6
1771757971,rnbqkbnr/pppppppp/8/8/3P4/8/PPP1PPPP/RNBQKBNR b KQkq d3 0 1,0.80,4730,d5d4,0,1,d5d4
1771757977,rnbqkbnr/pppppppp/8/8/8/7N/PPPPPPPP/RNBQKB1R b KQkq - 1 1,0.80,5090,d7d5,1,0,d7d5
1771757982,rnbqkbnr/ppp1pppp/8/3p4/8/N6N/PPPPPPPP/R1BQKB1R b KQkq - 1 2,0.80,5326,g3g6,0,1,g3g6
1771757989,rnbqkbnr/pppppppp/8/8/8/P7/1PPPPPPP/RNBQKBNR b KQkq - 0 1,0.80,5179,d7d5,1,0,d7d5
1771757994,rnbqkbnr/ppp1pppp/8/3p4/8/P6N/1PPPPPPP/RNBQKB1R b KQkq - 1 2,0.80,5353,d5d6,0,1,d5d6
1771758000,rnbqkbnr/pppppppp/8/8/3P4/8/PPP1PPPP/RNBQKBNR b KQkq d3 0 1,0.80,5139,d7d5,1,0,d7d5
1771758006,rnbqkbnr/ppp1pppp/8/3p4/3P4/1P6/P1P1PPPP/RNBQKBNR b KQkq - 0 2,0.80,5747,d7d5,0,1,d7d5
1771758013,rnbqkbnr/pppppppp/8/8/8/5N2/PPPPPPPP/RNBQKB1R b KQkq - 1 1,0.80,5435,d7d5,1,0,d7d5
1771758019,rnbqkbnr/ppp1pppp/8/3p4/8/N4N2/PPPPPPPP/R1BQKB1R b KQkq - 1 2,0.80,5723,d7d6,0,1,d7d6
1771758026,rnbqkbnr/pppppppp/8/8/8/4P3/PPPP1PPP/RNBQKBNR b KQkq - 0 1,0.80,5681,d7d6,1,0,d7d6
1771758031,rnbqkbnr/ppp1pppp/3p4/8/7P/4P3/PPPP1PP1/RNBQKBNR b KQkq h3 0 2,0.80,5572,d5d6,0,1,d5d6
1771758038,rnbqkbnr/pppppppp/8/8/8/5N2/PPPPPPPP/RNBQKB1R b KQkq - 1 1,0.80,5493,d7d5,1,0,d7d5
1771758045,rnbqkbnr/ppp1pppp/8/3p2N1/8/8/PPPPPPPP/RNBQKB1R b KQkq - 1 2,0.80,6432,d5d4,1,0,d5d4
1771758050,rnbqkbnr/ppp1pNpp/8/8/3p4/8/PPPPPPPP/RNBQKB1R b KQkq - 0 3,0.80,5430,d7d5,0,1,d7d5
1771758057,rnbqkbnr/pppppppp/8/8/4P3/8/PPPP1PPP/RNBQKBNR b KQkq e3 0 1,0.80,5357,d7d6,1,0,d7d6
1771758063,rnbqkbnr/ppp1pppp/3p4/8/4P3/5Q2/PPPP1PPP/RNB1KBNR b KQkq - 1 2,0.80,5654,d7d5,0,1,d7d5
1771758069,rnbqkbnr/pppppppp/8/8/8/7P/PPPPPPP1/RNBQKBNR b KQkq - 0 1,0.80,5689,d7d5,1,0,d7d5
1771758076,rnbqkbnr/ppp1pppp/8/3p4/8/7P/PPPPPPPR/RNBQKBN1 b Qkq - 1 2,0.80,6139,d6d5,0,1,d6d5
1771758084,rnbqkbnr/pppppppp/8/8/8/2N5/PPPPPPPP/R1BQKBNR b KQkq - 1 1,0.80,6703,d7d5,1,0,d7d5
1771758089,rnbqkbnr/ppp1pppp/8/3p4/4P3/2N5/PPPP1PPP/R1BQKBNR b KQkq e3 0 2,0.80,5625,g6f5,0,1,g6f5
1771758096,rnbqkbnr/pppppppp/8/8/8/2N5/PPPPPPPP/R1BQKBNR b KQkq - 1 1,0.80,5320,d5d4,0,1,d5d4
1771758102,rnbqkbnr/pppppppp/8/8/8/3P4/PPP1PPPP/RNBQKBNR b KQkq - 0 1,0.80,4815,d7d6,1,0,d7d6
1771758108,rnbqkbnr/ppp1pppp/3p4/8/8/3P3P/PPP1PPP1/RNBQKBNR b KQkq - 0 2,0.80,5600,d7d5,0,1,d7d5
1771758114,rnbqkbnr/pppppppp/8/8/1P6/8/P1PPPPPP/RNBQKBNR b KQkq b3 0 1,0.80,5371,d7d5,1,0,d7d5
1771758120,rnbqkbnr/ppp1pppp/8/3p4/1P6/3P4/P1P1PPPP/RNBQKBNR b KQkq - 0 2,0.80,5664,d7d5,0,1,d7d5
1771758126,rnbqkbnr/pppppppp/8/8/8/2P5/PP1PPPPP/RNBQKBNR b KQkq - 0 1,0.80,5434,d5d4,0,1,d5d4
1771758134,rnbqkbnr/pppppppp/8/8/2P5/8/PP1PPPPP/RNBQKBNR b KQkq c3 0 1,0.80,6019,d7d6,1,0,d7d6
1771758139,rnbqkbnr/ppp1pppp/3p4/8/1PP5/8/P2PPPPP/RNBQKBNR b KQkq b3 0 2,0.80,5516,d6d5,1,0,d6d5
1771758145,rnbqkbnr/ppp1pppp/8/3p4/1PP5/7N/P2PPPPP/RNBQKB1R b KQkq - 1 3,0.80,5275,d7d5,0,1,d7d5
1771758152,rnbqkbnr/pppppppp/8/8/7P/8/PPPPPPP1/RNBQKBNR b KQkq h3 0 1,0.80,5837,d7d6,1,0,d7d6
1771758157,rnbqkbnr/ppp1pppp/3p4/8/7P/5P2/PPPPP1P1/RNBQKBNR b KQkq - 0 2,0.80,5411,d6d5,1,0,d6d5
1771758164,rnbqkbnr/ppp1pppp/8/3p4/7P/2P2P2/PP1PP1P1/RNBQKBNR b KQkq - 0 3,0.80,6170,d7d5,0,1,d7d5
1771758170,rnbqkbnr/pppppppp/8/8/7P/8/PPPPPPP1/RNBQKBNR b KQkq h3 0 1,0.80,5176,d7d5,1,0,d7d5
1771758176,rnbqkbnr/ppp1pppp/8/3p4/6PP/8/PPPPPP2/RNBQKBNR b KQkq g3 0 2,0.80,5906,d7d5,0,1,d7d5
1771758183,rnbqkbnr/pppppppp/8/8/P7/8/1PPPPPPP/RNBQKBNR b KQkq a3 0 1,0.80,5382,d7d5,1,0,d7d5
1771758188,rnbqkbnr/ppp1pppp/8/3p4/P7/5P2/1PPPP1PP/RNBQKBNR b KQkq - 0 2,0.80,5524,d6d5,0,1,d6d5
1771758195,rnbqkbnr/pppppppp/8/8/8/2N5/PPPPPPPP/R1BQKBNR b KQkq - 1 1,0.80,5432,d7d5,1,0,d7d5
1771758201,rnbqkbnr/ppp1pppp/8/3p4/1P6/2N5/P1PPPPPP/R1BQKBNR b KQkq b3 0 2,0.80,5755,d7d5,0,1,d7d5
1771758208,rnbqkbnr/pppppppp/8/8/8/6P1/PPPPPP1P/RNBQKBNR b KQkq - 0 1,0.80,5573,d7d5,1,0,d7d5
1771758213,rnbqkbnr/ppp1pppp/8/3p4/8/3P2P1/PPP1PP1P/RNBQKBNR b KQkq - 0 2,0.80,5635,d7d5,0,1,d7d5
1771758220,rnbqkbnr/pppppppp/8/8/8/N7/PPPPPPPP/R1BQKBNR b KQkq - 1 1,0.80,5137,d7d5,1,0,d7d5
1771758225,rnbqkbnr/ppp1pppp/8/3p4/8/8/PPPPPPPP/RNBQKBNR b KQkq - 1 2,0.80,5347,d7d5,0,1,d7d5
1771758232,rnbqkbnr/pppppppp/8/8/8/N7/PPPPPPPP/R1BQKBNR b KQkq - 1 1,0.80,5280,d7d5,1,0,d7d5
1771758237,rnbqkbnr/ppp1pppp/8/3p4/8/N2P4/PPP1PPPP/R1BQKBNR b KQkq - 0 2,0.80,5599,d7d5,0,1,d7d5
1771758244,rnbqkbnr/pppppppp/8/8/3P4/8/PPP1PPPP/RNBQKBNR b KQkq d3 0 1,0.80,5244,d7d5,1,0,d7d5
1771758250,rnbqkbnr/ppp1pppp/8/3p4/3P4/4P3/PPP2PPP/RNBQKBNR b KQkq - 0 2,0.80,5571,d7d6,0,1,d7d6
1771758256,rnbqkbnr/pppppppp/8/8/8/P7/1PPPPPPP/RNBQKBNR b KQkq - 0 1,0.80,5406,d7d5,1,0,d7d5
1771758262,rnbqkbnr/ppp1pppp/8/3p4/7P/P7/1PPPPPP1/RNBQKBNR b KQkq h3 0 2,0.80,5690,d7d5,0,1,d7d5
1771758269,rnbqkbnr/pppppppp/8/8/8/5P2/PPPPP1PP/RNBQKBNR b KQkq - 0 1,0.80,5458,d7d5,1,0,d7d5
1771758275,rnbqkbnr/ppp1pppp/8/3p4/4P3/5P2/PPPP2PP/RNBQKBNR b KQkq e3 0 2,0.80,5799,d7d5,0,1,d7d5
1771758281,rnbqkbnr/pppppppp/8/8/8/7N/PPPPPPPP/RNBQKB1R b KQkq - 1 1,0.80,5354,d7d5,1,0,d7d5
1771758287,rnbqkbnr/ppp1pppp/8/3p4/8/1P5N/P1PPPPPP/RNBQKB1R b KQkq - 0 2,0.80,5532,d7d5,0,1,d7d5
1771758293,rnbqkbnr/pppppppp/8/8/7P/8/PPPPPPP1/RNBQKBNR b KQkq h3 0 1,0.80,5203,d7d6,1,0,d7d6
1771758299,rnbqkbnr/ppp1pppp/3p4/8/5P1P/8/PPPPP1P1/RNBQKBNR b KQkq f3 0 2,0.80,5844,d6d5,1,0,d6d5
1771758305,rnbqkbnr/ppp1pppp/8/3p4/5P1P/3P4/PPP1P1P1/RNBQKBNR b KQkq - 0 3,0.80,5341,d7d5,0,1,d7d5
1771758311,rnbqkbnr/pppppppp/8/8/8/2N5/PPPPPPPP/R1BQKBNR b KQkq - 1 1,0.80,5623,d7d5,1,0,d7d5
1771758317,rnbqkbnr/ppp1pppp/8/3p4/5P2/2N5/PPPPP1PP/R1BQKBNR b KQkq f3 0 2,0.80,5653,d7d5,0,1,d7d5
1771758324,rnbqkbnr/pppppppp/8/8/8/1P6/P1PPPPPP/RNBQKBNR b KQkq - 0 1,0.80,5384,d5d4,0,1,d5d4
1771758330,rnbqkbnr/pppppppp/8/8/4P3/8/PPPP1PPP/RNBQKBNR b KQkq e3 0 1,0.80,4920,d7d5,1,0,d7d5
1771758335,rnbqkbnr/ppp1pppp/8/3p4/4P3/5P2/PPPP2PP/RNBQKBNR b KQkq - 0 2,0.80,5530,d5d4,1,0,d5d4
1771758341,rnbqkbnr/ppp1pppp/8/8/1P1pP3/5P2/P1PP2PP/RNBQKBNR b KQkq b3 0 3,0.80,5259,d6d5,0,1,d6d5
1771758347,rnbqkbnr/pppppppp/8/8/8/2N5/PPPPPPPP/R1BQKBNR b KQkq - 1 1,0.80,5343,d5d4,0,1,d5d4
1771758353,rnbqkbnr/pppppppp/8/8/8/5P2/PPPPP1PP/RNBQKBNR b KQkq - 0 1,0.80,4505,,0,1,d5
1771758359,rnbqkbnr/pppppppp/8/8/1P6/8/P1PPPPPP/RNBQKBNR b KQkq b3 0 1,0.80,5080,d5d4,0,1,d5d4
1771758365,rnbqkbnr/pppppppp/8/8/7P/8/PPPPPPP1/RNBQKBNR b KQkq h3 0 1,0.80,4945,d7d5,1,0,d7d5
1771758371,rnbqkbnr/ppp1pppp/8/3p4/7P/3P4/PPP1PPP1/RNBQKBNR b KQkq - 0 2,0.80,5856,d7d5,0,1,d7d5
1771758382,rnbqkbnr/pppppppp/8/8/1P6/8/P1PPPPPP/RNBQKBNR b KQkq b3 0 1,0.80,10002,,0,1,
1771758389,rnbqkbnr/pppppppp/8/8/2P5/8/PP1PPPPP/RNBQKBNR b KQkq c3 0 1,0.80,5845,d5d4,0,1,d5d4
1771758396,rnbqkbnr/pppppppp/8/8/8/6P1/PPPPPP1P/RNBQKBNR b KQkq - 0 1,0.80,5103,d7d5,1,0,d7d5
1771758402,rnbqkbnr/ppp1pppp/8/3p4/8/4P1P1/PPPP1P1P/RNBQKBNR b KQkq - 0 2,0.80,5769,d6d5,0,1,d6d5
1771758413,rnbqkbnr/pppppppp/8/8/4P3/8/PPPP1PPP/RNBQKBNR b KQkq e3 0 1,0.80,10003,,0,1,
1771758419,rnbqkbnr/pppppppp/8/8/P7/8/1PPPPPPP/RNBQKBNR b KQkq a3 0 1,0.80,5116,d7d5,1,0,d7d5
1771758424,rnbqkbnr/ppp1pppp/8/3p4/P7/8/RPPPPPPP/1NBQKBNR b Kkq - 1 2,0.80,5260,d7d5,0,1,d7d5
1771758431,rnbqkbnr/pppppppp/8/8/8/P7/1PPPPPPP/RNBQKBNR b KQkq - 0 1,0.80,5403,d7d5,1,0,d7d5
1771758437,rnbqkbnr/ppp1pppp/8/3p4/8/P4P2/1PPPP1PP/RNBQKBNR b KQkq - 0 2,0.80,5578,g6g5,0,1,g6g5
1771758443,rnbqkbnr/pppppppp/8/8/8/2P5/PP1PPPPP/RNBQKBNR b KQkq - 0 1,0.80,5310,d7d5,1,0,d7d5
1771758449,rnbqkbnr/ppp1pppp/8/3p4/1P6/2P5/P2PPPPP/RNBQKBNR b KQkq b3 0 2,0.80,5516,d7d6,0,1,d7d6
1771758455,rnbqkbnr/pppppppp/8/8/8/5N2/PPPPPPPP/RNBQKB1R b KQkq - 1 1,0.80,5385,d7d6,1,0,d7d6
1771758461,rnbqkbnr/ppp1pppp/3p4/8/4P3/5N2/PPPP1PPP/RNBQKB1R b KQkq e3 0 2,0.80,5303,,0,1,nb6
1771758468,rnbqkbnr/pppppppp/8/8/8/5P2/PPPPP1PP/RNBQKBNR b KQkq - 0 1,0.80,5587,d5d4,0,1,d5d4
1771758474,rnbqkbnr/pppppppp/8/8/8/2N5/PPPPPPPP/R1BQKBNR b KQkq - 1 1,0.80,4870,d7d5,1,0,d7d5
1771758480,rnbqkbnr/ppp1pppp/8/3p4/8/2N2N2/PPPPPPPP/R1BQKB1R b KQkq - 1 2,0.80,5986,d7d5,0,1,d7d5
1771758486,rnbqkbnr/pppppppp/8/8/8/6P1/PPPPPP1P/RNBQKBNR b KQkq - 0 1,0.80,5408,d5d4,0,1,d5d4
1771955354,rnbqkbnr/pppp1ppp/8/1N6/4p3/6P1/PPPPPP1P/R1BQKBNR b KQkq - 1 3,0.80,14443,a7a6,1,0,a7a6
1771955369,rnbqkbnr/1ppp1ppp/p7/1N6/3Pp3/6P1/PPP1PP1P/R1BQKBNR b KQkq d3 0 4,0.80,15387,a6a5,1,0,a6a5
1771955384,rnbqkbnr/1ppp1ppp/8/pN6/3Pp3/3Q2P1/PPP1PP1P/R1B1KBNR b KQkq - 1 5,0.80,15137,c7c5,1,0,c7c5
1771955400,rnbqkbnr/1p1p1ppp/8/pNp5/3Pp3/5QP1/PPP1PP1P/R1B1KBNR b KQkq - 1 6,0.80,15751,d7d5,1,0,d7d5
1771955417,rnbqkbnr/1p3ppp/8/pNpp4/3Pp3/5QP1/PPPBPP1P/R3KBNR b KQkq - 1 7,0.80,16671,c5d4,1,0,c5d4
1771955436,rnbqkbnr/1p3ppp/8/pN1p4/2Ppp3/5QP1/PP1BPP1P/R3KBNR b KQkq c3 0 8,0.80,18073,a5a4,1,0,a5a4
1771955454,rnbqkbnr/1p3ppp/8/1N1p4/p1Ppp1P1/5Q2/PP1BPP1P/R3KBNR b KQkq - 0 9,0.80,17780,f7f6,1,0,f7f6
1771955471,rnbqkbnr/1p4pp/5p2/1N1p4/p1Ppp1P1/5Q2/PP1BPP1P/2R1KBNR b Kkq - 1 10,0.80,17543,c8d7,1,0,c8d7
1771955488,rn1qkbnr/1p1b2pp/5p2/1NPp4/p2pp1P1/5Q2/PP1BPP1P/2R1KBNR b Kkq - 0 11,0.80,16410,d7c6,1,0,d7c6
1771955504,rn1qkbnr/1p4pp/2b2p2/1NPp4/p2pp1P1/2Q5/PP1BPP1P/2R1KBNR b Kkq - 2 12,0.80,15599,g7g6,1,0,g7g6
1771955520,rn1qkbnr/1p5p/2b2pp1/1NPp4/p2pp1P1/2Q4B/PP1BPP1P/2R1K1NR b Kkq - 1 13,0.80,15917,c6b5,1,0,c6b5
1771955537,rn1qkbnr/1p5p/5pp1/1bPp4/p2pp1P1/2Q4B/PP1BPP1P/R3K1NR b Kkq - 1 14,0.80,17098,h7h6,1,0,h7h6
1771955554,rn1qkbnr/1p6/5ppp/1bPp4/p2pp1P1/1PQ4B/P2BPP1P/R3K1NR b Kkq - 0 15,0.80,16624,b5c6,1,0,b5c6
1771955570,rn1qkbnr/1p6/2b2ppp/2Pp4/p2pp1P1/1PQ4B/P2BPP1P/3RK1NR b Kkq - 2 16,0.80,15675,a4b3,1,0,a4b3
1771955588,rn1qkbnr/1p6/2b2ppp/2Pp4/3pp1P1/1p4QB/P2BPP1P/3RK1NR b Kkq - 1 17,0.80,17389,b3b2,1,0,b3b2
1771955605,rn1qkbnr/1p6/2b2ppp/2Pp4/3pp1P1/5Q1B/Pp1BPP1P/3RK1NR b Kkq - 1 18,0.80,17029,b2b1q,1,0,b2b1q
1771955624,rn1qkbnr/1p6/2b2ppp/2Pp4/3pp1P1/2Q4B/P2BPP1P/1q1RK1NR b Kkq - 1 19,0.80,18638,b7b6,1,0,b7b6
1771955643,rn1qkbnr/8/1pb2ppp/2Pp4/3pp1P1/2Q5/P2BPP1P/1q1RKBNR b Kkq - 1 20,0.80,18917,c6b5,1,0,c6b5
1771955662,rn1qkbnr/8/1p3ppp/1bPp4/3pp1P1/8/P2BPP1P/Qq1RKBNR b Kkq - 3 21,0.80,18835,b6c5,1,0,b6c5
1771955681,rn1qkbnr/8/5ppp/1bpp4/3pp1P1/8/PQ1BPP1P/1q1RKBNR b Kkq - 1 22,0.80,18695,c5c4,1,0,c5c4
1771955698,rn1qkbnr/8/5ppp/1b1p4/2ppp1P1/8/PQ1BPP1P/1R2KBNR b Kkq - 0 23,0.80,16783,b5c6,1,0,b5c6
1771955714,rn1qkbnr/8/2b2ppp/3p4/2ppp1P1/8/P2BPP1P/QR2KBNR b Kkq - 2 24,0.80,16210,c6b5,1,0,c6b5
1771955731,rn1qkbnr/8/5ppp/1b1p4/2ppp1P1/8/P2BPP1P/Q1R1KBNR b Kkq - 4 25,0.80,16656,a6a5,0,1,a6a5
1771955744,rnbqkbnr/pppppppp/8/8/8/5N2/PPPPPPPP/RNBQKB1R b KQkq - 1 1,0.80,11784,d7d5,1,0,d7d5
1771955759,rnbqkbnr/ppp1pppp/8/3p4/8/2P2N2/PP1PPPPP/RNBQKB1R b KQkq - 0 2,0.80,14558,b7b5,1,0,b7b5
1771955774,rnbqkbnr/p1p1pppp/8/1p1p4/8/2P1PN2/PP1P1PPP/RNBQKB1R b KQkq - 0 3,0.80,14676,c7c6,1,0,c7c6
1771955789,rnbqkbnr/p3pppp/2p5/1p1p4/8/N1P1PN2/PP1P1PPP/R1BQKB1R b KQkq - 1 4,0.80,15444,a7a6,1,0,a7a6
1771955805,rnbqkbnr/4pppp/p1p5/1p1p4/2N5/2P1PN2/PP1P1PPP/R1BQKB1R b KQkq - 1 5,0.80,15960,b5c4,1,0,b5c4
1771955819,rnbqkbnr/4pppp/p1p5/3p4/2p5/2P1PN2/PP1P1PPP/R1BQKBR1 b Qkq - 1 6,0.80,13786,c8d7,1,0,c8d7
1771955833,rn1qkbnr/3bpppp/p1p5/3p4/2p5/2P1PN1P/PP1P1PP1/R1BQKBR1 b Qkq - 0 7,0.80,13726,e7e6,1,0,e7e6
1771955849,rn1qkbnr/3b1ppp/p1p1p3/3p4/2p5/2P1P2P/PP1P1PPN/R1BQKBR1 b Qkq - 1 8,0.80,15550,a6a5,1,0,a6a5
1771955865,rn1qkbnr/3b1ppp/2p1p3/p2p4/2p5/2P1PP1P/PP1P2PN/R1BQKBR1 b Qkq - 0 9,0.80,15452,a5a4,1,0,a5a4
1771955881,rn1qkbnr/3b1ppp/2p1p3/3p4/p1p5/2P1PP1P/PP1P2PN/R1BQKB1R b Qkq - 1 10,0.80,15681,d7c8,1,0,d7c8
1771955898,rnbqkbnr/5ppp/2p1p3/3p4/p1p5/2P1PP1P/PP1P2PN/R1BQKBR1 b Qkq - 3 11,0.80,17093,e6e5,1,0,e6e5
1771955916,rnbqkbnr/5ppp/2p5/3pp3/p1p5/2P1PP1P/PP1PK1PN/R1BQ1BR1 b kq - 1 12,0.80,17827,c6c5,1,0,c6c5
1771955933,rnbqkbnr/5ppp/8/2ppp3/p1p4P/2P1PP2/PP1PK1PN/R1BQ1BR1 b kq - 0 13,0.80,17000,f7f6,1,0,f7f6
1771955950,rnbqkbnr/6pp/5p2/2ppp3/p1p4P/1PP1PP2/P2PK1PN/R1BQ1BR1 b kq - 0 14,0.80,16346,a4b3,1,0,a4b3
1771955966,rnbqkbnr/6pp/5p2/2ppp3/2p4P/BpP1PP2/P2PK1PN/R2Q1BR1 b kq - 1 15,0.80,16149,b3a2,1,0,b3a2
1771955982,rnbqkbnr/6pp/5p2/2ppp3/2p4P/BQP1PP2/p2PK1PN/R4BR1 b kq - 1 16,0.80,15581,c4b3,1,0,c4b3
1771956000,rnbqkbnr/6pp/5p2/2ppp3/7P/BpP1PP2/p2PK1PN/2R2BR1 b kq - 1 17,0.80,17500,a2a1q,1,0,a2a1q
1771956017,rnbqkbnr/6pp/5p2/2ppp3/7P/BpP1PP2/3P2PN/q1RK1BR1 b kq - 1 18,0.80,17427,h7h6,1,0,h7h6
1771956038,rnbqkbnr/6p1/5p1p/2ppp3/1B5P/1pP1PP2/3P2PN/q1RK1BR1 b kq - 1 19,0.80,20264,c5b4,1,0,c5b4
1771956057,rnbqkbnr/6p1/5p1p/3pp3/1p5P/1pP1PP2/3PK1PN/q1R2BR1 b kq - 1 20,0.80,19590,h6h5,1,0,h6h5
1771956078,rnbqkbnr/6p1/5p2/3pp2p/1p5P/1pP1PP2/3P2PN/q1R1KBR1 b kq - 1 21,0.80,20120,b3b2,1,0,b3b2
1771956099,rnbqkbnr/6p1/5p2/3pp2p/1p5P/2P1PP2/1p1P2PN/q1RK1BR1 b kq - 1 22,0.80,21346,b2c1q,1,0,b2c1q
1771956120,rnbqkbnr/6p1/5p2/3pp2p/1p5P/2P1PP2/3PK1PN/q1q2BR1 b kq - 1 23,0.80,20955,g7g6,1,0,g7g6
1771956143,rnbqkbnr/8/5pp1/3pp2p/1p4PP/2P1PP2/3PK2N/q1q2BR1 b kq g3 0 24,0.80,22197,b4c3,1,0,b4c3
1771956165,rnbqkbnr/8/5pp1/3pp2p/6PP/2p1PP2/3PK2N/q1q2B1R b kq - 1 25,0.80,21793,g6g5,1,0,g6g5
1771956188,rnbqkbnr/8/5p2/3pp1pP/7P/2p1PP2/3PK2N/q1q2B1R b kq - 0 26,0.80,22673,c3c2,1,0,c3c2
1771956210,rnbqkbnr/8/5p2/3pp1pP/7P/4PP2/2pP1K1N/q1q2B1R b kq - 1 27,0.80,21734,f6f5,1,0,f6f5
1771956232,rnbqkbnr/8/8/3pppPP/8/4PP2/2pP1K1N/q1q2B1R b kq - 0 28,0.80,21620,c8d7,1,0,c8d7
1771956253,rn1qkbnr/3b4/7P/3pppP1/8/4PP2/2pP1K1N/q1q2B1R b kq - 0 29,0.80,21533,d5d4,1,0,d5d4
1771956274,rn1qkbnr/3b4/7P/4ppP1/3p4/4PP2/2pP2KN/q1q2B1R b kq - 1 30,0.80,20852,d7c6,1,0,d7c6
1771956298,rn1qkbnr/8/2b4P/4ppP1/3P4/5P2/2pP2KN/q1q2B1R b kq - 0 31,0.80,23147,e5d4,1,0,e5d4
1771956320,rn1qkbnr/8/2b4P/5pP1/3p4/5P2/2pP1K1N/q1q2B1R b kq - 1 32,0.80,21830,c6d5,1,0,c6d5
1771956343,rn1qkbnr/8/7P/3b1pP1/3p4/5P2/2pP2KN/q1q2B1R b kq - 3 33,0.80,22811,d5f3,1,0,d5f3
1771956366,rn1qkbnr/8/7P/5pP1/3p4/5bK1/2pP3N/q1q2B1R b kq - 1 34,0.80,23455,e3g2,0,1,e3g2
1771956379,rnbqkbnr/pppppppp/8/8/6P1/8/PPPPPP1P/RNBQKBNR b KQkq g3 0 1,0.80,11637,b8c6,1,0,b8c6
1771956392,r1bqkbnr/pppppppp/2n5/6P1/8/8/PPPPPP1P/RNBQKBNR b KQkq - 0 2,0.80,12722,a7a6,1,0,a7a6
1771956405,r1bqkbnr/1ppppppp/p1n5/6P1/8/N7/PPPPPP1P/R1BQKBNR b KQkq - 1 3,0.80,12548,a6a5,1,0,a6a5
1771956418,r1bqkbnr/1ppppppp/2n5/p5P1/8/8/PPPPPP1P/RNBQKBNR b KQkq - 1 4,0.80,12599,a5a4,1,0,a5a4
1771956430,r1bqkbnr/1ppppppp/2n5/6P1/p7/P7/1PPPPP1P/RNBQKBNR b KQkq - 0 5,0.80,12323,d7d6,1,0,d7d6
1771956445,r1bqkbnr/1pp1pppp/2np4/6P1/p7/P7/RPPPPP1P/1NBQKBNR b Kkq - 1 6,0.80,14415,b7b5,1,0,b7b5
1771956460,r1bqkbnr/2p1pppp/2np4/1p4P1/p7/PP6/R1PPPP1P/1NBQKBNR b Kkq - 0 7,0.80,15373,a4b3,1,0,a4b3
1771956477,r1bqkbnr/2p1pppp/2np4/1p4P1/8/Pp3P2/R1PPP2P/1NBQKBNR b Kkq - 0 8,0.80,15907,b3c2,1,0,b3c2
1771956494,r1bqkbnr/2p1pppp/2np4/1p4P1/P7/5P2/R1pPP2P/1NBQKBNR b Kkq - 0 9,0.80,17336,c2b1q,1,0,c2b1q
1771956512,r1bqkbnr/2p1pppp/2np4/1p4P1/P7/4PP2/R2P3P/1qBQKBNR b Kkq - 0 10,0.80,17416,e7e5,1,0,e7e5
1771956532,r1bqkbnr/2p2ppp/2np4/1p2p1P1/P7/4PP2/R2P1K1P/1qBQ1BNR b kq - 1 11,0.80,19915,h7h6,1,0,h7h6
1771956551,r1bqkbnr/2p2pp1/2np3p/1p2p1P1/P7/4PP2/2RP1K1P/1qBQ1BNR b kq - 1 12,0.80,18763,h6g5,1,0,h6g5
1771956571,r1bqkbnr/2p2pp1/2np4/1p2p1p1/P2P4/4PP2/2R2K1P/1qBQ1BNR b kq d3 0 13,0.80,19663,b5a4,1,0,b5a4
1771956591,r1bqkbnr/2p2pp1/2np4/4p1p1/p2P4/4PP2/2R4P/1qBQKBNR b kq - 1 14,0.80,20348,e5d4,1,0,e5d4
1771956611,r1bqkbnr/2p2pp1/2np4/6p1/p2p4/4PP1P/2R5/1qBQKBNR b kq - 0 15,0.80,19755,c8e6,1,0,c8e6
1771956634,r2qkbnr/2p2pp1/2npb3/6p1/p2p4/4PP1P/2RB4/1q1QKBNR b kq - 2 16,0.80,22254,f7f6,1,0,f7f6
1771956656,r2qkbnr/2p3p1/2npbp2/6p1/p2p4/4PP1P/2RBB3/1q1QK1NR b kq - 1 17,0.80,21883,g5g4,1,0,g5g4
1771956677,r2qkbnr/2p3p1/2npbp2/8/p2p2p1/4PP1P/2RB4/1q1QKBNR b kq - 1 18,0.80,21377,g4h3,1,0,g4h3
1771956698,r2qkbnr/2p3p1/2npbp2/8/p2p4/4PP1p/2R5/1qBQKBNR b kq - 1 19,0.80,20235,g7g6,1,0,g7g6
1771956719,r2qkbnr/2p5/2npbpp1/8/p2p4/4PP1p/2R2K2/1qBQ1BNR b kq - 1 20,0.80,21177,e6d5,1,0,e6d5
1771956740,r2qkbnr/2p5/2np1pp1/3b4/p2p4/4PP1p/2R1QK2/1qB2BNR b kq - 3 21,0.80,20357,h3h2,1,0,h3h2
1771956762,r2qkbnr/2p5/Q1np1pp1/3b4/p2p4/4PP2/2R2K1p/1qB2BNR b kq - 1 22,0.80,21622,h2g1q,1,0,h2g1q
1771956781,r2qkbnr/2p5/Q1np1pp1/3b4/p2p4/4PP2/2R2K2/1qB2BR1 b kq - 0 23,0.80,19571,g6g5,1,0,g6g5
1771956802,r2qkbnr/Q1p5/2np1p2/3b2p1/p2p4/4PP2/2R2K2/1qB2BR1 b kq - 1 24,0.80,20654,g5g4,1,0,g5g4
1771956823,r2qkbnr/Q1p5/2np1p2/3b4/p2p1Pp1/4P3/2R2K2/1qB2BR1 b kq - 0 25,0.80,20548,a4a3,1,0,a4a3
1771956844,r2qkbnr/Q1p5/2np1p2/3b1P2/3p2p1/p3P3/2R2K2/1qB2BR1 b kq - 0 26,0.80,20388,d5e6,1,0,d5e6
1771956865,r2qkbnr/Q1p5/2npbp2/5P2/2Rp2p1/p3P3/5K2/1qB2BR1 b kq - 2 27,0.80,20762,g4g3,1,0,g4g3
1771956886,r2qkbnr/Q1p5/2npbp2/5P2/2Rp4/p3P1p1/4K3/1qB2BR1 b kq - 1 28,0.80,21009,e6d5,1,0,e6d5
1771956908,r2qkbnr/2Q5/2np1p2/3b1P2/2Rp4/p3P1p1/4K3/1qB2BR1 b kq - 0 29,0.80,21585,d5e4,1,0,d5e4
1771956928,r2qkbnr/2Q5/2np1p2/5P2/2Rpb3/p3P1p1/1B2K3/1q3BR1 b kq - 2 30,0.80,20042,d4d3,1,0,d4d3
1771956947,r2qkbnr/2Q5/2np1p2/5P2/2R1b3/p2pP1p1/1B1K4/1q3BR1 b kq - 1 31,0.80,18905,a3b2,1,0,a3b2
1771956968,r2qkbnr/8/2nQ1p2/5P2/2R1b3/3pP1p1/1p1K4/1q3BR1 b kq - 0 32,0.80,20528,a8a7,1,0,a8a7
1771956976,3qkbnr/r3Q3/2n2p2/5P2/2R1b3/3pP1p1/1p1K4/1q3BR1 b k - 2 33,0.80,8598,f8e7,1,0,f8e7
1771956999,3qk1nr/r3b3/2n2p2/5P2/2R1b3/3BP1p1/1p1K4/1q4R1 b k - 0 34,0.80,22605,e4g2,1,0,e4g2
1771957021,3qk1nr/r3b3/2n2p2/5P2/2R5/3BP1p1/1p1K2b1/1q3R2 b k - 2 35,0.80,21274,g2h1,1,0,g2h1
1771957041,3qk1nr/r3b3/2n2p2/5P2/2R1P3/3B2p1/1p1K4/1q3R1b b k - 0 36,0.80,20477,h1g2,1,0,h1g2
1771957060,3qk1nr/r3b3/2n2p2/5P2/2R1P3/3B2p1/1p1K2b1/1R6 b k - 0 37,0.80,18498,g2h3,1,0,g2h3
1771957079,3qk1nr/r3b3/2n2p2/4PP2/2R5/3B2pb/1p1K4/1R6 b k - 0 38,0.80,18200,e7c5,1,0,e7c5
1771957104,3qk1nr/r7/2n2p2/2b1PP2/2R5/3B2pb/1p1K4/R7 b k - 2 39,0.80,25496,b2a1q,1,0,b2a1q
1771957131,3qk1nr/r7/2n2p2/2b1PP2/4R3/3B2pb/3K4/q7 b k - 1 40,0.80,26552,c5b6,1,0,c5b6
1771957156,3qk1nr/r7/1bn2p2/4PP2/8/3B2pb/3KR3/q7 b k - 3 41,0.80,24745,g3g2,1,0,g3g2
1771957182,3qk1nr/r7/1bn2p2/4PP2/8/3B3b/2K1R1p1/q7 b k - 1 42,0.80,25425,h3g4,1,0,h3g4
1771957210,3qk1nr/r7/1bn2p2/4PP2/2B3b1/8/2K1R1p1/q7 b k - 3 43,0.80,27852,g2g1q,1,0,g2g1q
1771957218,3qk1nr/r4B2/1bn2p2/4PP2/6b1/8/2K1R3/q5q1 b k - 1 44,0.80,7832,a7f7,1,0,a7f7
1771957247,3qk1nr/5r2/1bn2p2/4PP2/6b1/8/2K2R2/q5q1 b k - 1 45,0.80,29002,g4h3,1,0,g4h3
1771957274,3qk1nr/5r2/1bn2p2/4PP2/8/7b/2K3R1/q5q1 b k - 3 46,0.80,26777,h3g2,1,0,h3g2
1771957303,3qk1nr/5r2/1bn2P2/5P2/8/8/2K3b1/q5q1 b k - 0 47,0.80,29246,b6c5,1,0,b6c5
1771957334,3qk1nr/5r2/2n2P2/2b2P2/8/1K6/6b1/q5q1 b k - 2 48,0.80,30003,,0,1,
1771957347,rnbqkbnr/pppppppp/8/8/6P1/8/PPPPPP1P/RNBQKBNR b KQkq g3 0 1,0.80,11928,c7c5,1,0,c7c5
1771957360,rnbqkbnr/pp1ppppp/8/2p5/6P1/5N2/PPPPPP1P/RNBQKB1R b KQkq - 1 2,0.80,12783,d7d5,1,0,d7d5
1771957374,rnbqkbnr/pp2pppp/8/2ppN3/6P1/8/PPPPPP1P/RNBQKB1R b KQkq - 1 3,0.80,13919,c5c4,1,0,c5c4
1771957388,rnbqkbnr/pp2pppp/8/3pN3/2p3P1/5P2/PPPPP2P/RNBQKB1R b KQkq - 0 4,0.80,13652,d5d4,1,0,d5d4
1771957402,rnbqkbnr/pp2pppp/8/4N3/2pp2P1/P4P2/1PPPP2P/RNBQKB1R b KQkq - 0 5,0.80,13955,d4d3,1,0,d4d3
1771957416,rnbqkbnr/pp2pppp/8/4N3/2p3P1/P2p1P2/RPPPP2P/1NBQKB1R b Kkq - 1 6,0.80,14407,d3c2,1,0,d3c2
1771957434,rnbqkbnr/pp2pppp/8/4N3/2p3P1/PP3P2/R1pPP2P/1NBQKB1R b Kkq - 0 7,0.80,17184,c2d1q,1,0,c2d1q
1771957448,rnbqkbnr/pp2pppp/8/4N3/2p3P1/PP3P2/R2PP2P/1NBK1B1R b kq - 0 8,0.80,14422,c4b3,1,0,c4b3
1771957463,rnbqkbnr/pp2pppp/8/4N3/6PP/Pp3P2/R2PP3/1NBK1B1R b kq h3 0 9,0.80,14538,d8c6,0,1,d8c6
1771957476,rnbqkbnr/pppppppp/8/8/8/P7/1PPPPPPP/RNBQKBNR b KQkq - 0 1,0.80,11419,b7b5,1,0,b7b5
1771957488,rnbqkbnr/p1pppppp/8/1p6/3P4/P7/1PP1PPPP/RNBQKBNR b KQkq d3 0 2,0.80,12324,c8b7,1,0,c8b7
1771957503,rn1qkbnr/pbpppppp/8/1p6/3P4/P5P1/1PP1PP1P/RNBQKBNR b KQkq - 0 3,0.80,14726,c7c5,1,0,c7c5
1771957519,rn1qkbnr/pb1ppppp/8/1pp5/3P4/P5P1/1PPBPP1P/RN1QKBNR b KQkq - 1 4,0.80,15164,c5d4,1,0,c5d4
1771957533,rn1qkbnr/pb1ppppp/8/1p6/3p4/P5P1/1PP1PP1P/RNBQKBNR b KQkq - 1 5,0.80,14155,d7d5,1,0,d7d5
1771957547,rn1qkbnr/pb2pppp/8/1p1p4/3p4/P4NP1/1PP1PP1P/RNBQKB1R b KQkq - 1 6,0.80,14321,a7a6,1,0,a7a6
1771957561,rn1qkbnr/1b2pppp/p7/1p1p4/3p4/P4NPB/1PP1PP1P/RNBQK2R b KQkq - 1 7,0.80,13287,e7e6,1,0,e7e6
1771957578,rn1qkbnr/1b3ppp/p3p3/1p1p4/3p4/P4NPB/1PPQPP1P/RNB1K2R b KQkq - 1 8,0.80,16559,b7c6,1,0,b7c6
1771957594,rn1qkbnr/5ppp/p1b1p3/1p1p4/3p4/P4NP1/1PPQPP1P/RNB1KB1R b KQkq - 3 9,0.80,16303,a6a5,1,0,a6a5
1771957610,rn1qkbnr/5ppp/2b1p3/pp1p4/P2p4/5NP1/1PPQPP1P/RNB1KB1R b KQkq - 0 10,0.80,16074,b5b4,1,0,b5b4
1771957626,rn1qkbnr/5ppp/2b1p3/p2p4/Pp1p4/5NPB/1PPQPP1P/RNB1K2R b KQkq - 1 11,0.80,15611,b4b3,1,0,b4b3
1771957643,rn1qkbnr/5ppp/2b1p3/p2p4/P2p4/1pN2NPB/1PPQPP1P/R1B1K2R b KQkq - 1 12,0.80,16632,b3c2,1,0,b3c2
1771957660,rn1qkbnr/5ppp/2b1p3/p2p4/P2p4/5NPB/1PpQPP1P/RNB1K2R b KQkq - 1 13,0.80,16964,c2b1q,1,0,c2b1q
1771957678,rn1qkbnr/5ppp/2b1p3/p2p4/P2p4/5NP1/1P1QPPBP/RqB1K2R b KQkq - 1 14,0.80,17804,h7h6,1,0,h7h6
1771957697,rn1qkbnr/5pp1/2b1p2p/p2pN3/P2p4/6P1/1P1QPPBP/RqB1K2R b KQkq - 1 15,0.80,18063,h6h5,1,0,h6h5
1771957715,rn1qkbnr/5pp1/2b1p3/p2p3p/P2p4/3N2P1/1P1QPPBP/RqB1K2R b KQkq - 1 16,0.80,18244,h5h4,1,0,h5h4
1771957733,rn1qkbnr/5pp1/2b1p3/p2p4/P2p2Pp/3N4/1P1QPPBP/RqB1K2R b KQkq - 0 17,0.80,17337,c6b5,1,0,c6b5
1771957752,rn1qkbnr/5pp1/4p3/pb1p4/P2p1QPp/3N4/1P2PPBP/RqB1K2R b KQkq - 2 18,0.80,19040,h4h3,1,0,h4h3
1771957771,rn1qkbnr/5pp1/4p3/pb1p4/P2p1QP1/3N3p/1P1KPPBP/RqB4R b kq - 1 19,0.80,18428,b5c6,1,0,b5c6
1771957789,rn1qkbnr/5pp1/2b1p3/p2p4/P2p1QP1/1P1N3p/3KPPBP/RqB4R b kq - 0 20,0.80,18645,f7f6,1,0,f7f6
1771957807,rn1qkbnr/6p1/2b1pp2/p2p4/P2Q2P1/1P1N3p/3KPPBP/RqB4R b kq - 0 21,0.80,17727,g7g6,1,0,g7g6
1771957825,rn1qkbnr/8/2b1ppp1/p2p2P1/P2Q4/1P1N3p/3KPPBP/RqB4R b kq - 0 22,0.80,17937,h3g2,1,0,h3g2
1771957846,rn1qkbnr/8/2b1ppp1/p2p2P1/P2Q4/1P1NP3/3K1PpP/RqB4R b kq - 0 23,0.80,19874,g2g1q,1,0,g2g1q
1771957867,rn1qkbnr/8/2b1ppp1/p2p2P1/P2Q1N2/1P2P3/3K1P1P/RqB3qR b kq - 1 24,0.80,21212,c6b5,1,0,c6b5
1771957890,rn1qkbnr/8/4ppp1/pb1p2P1/P2Q1N2/1P2P2P/3K1P2/RqB3qR b kq - 0 25,0.80,22601,b5c6,1,0,b5c6
1771957912,rn1qkbnr/8/2b1pPp1/p2p4/P2Q1N2/1P2P2P/3K1P2/RqB3qR b kq - 0 26,0.80,21722,h8h6,1,0,h8h6
1771957933,rn1qkbn1/8/2b1pPpr/p2p4/P2Q1N2/RP2P2P/3K1P2/1qB3qR b q - 2 27,0.80,21126,e6e5,1,0,e6e5
1771957954,rn1qkbn1/8/2b2Ppr/p2pp3/P2Q1N2/RPK1P2P/5P2/1qB3qR b q - 1 28,0.80,21031,e5f4,1,0,e5f4
1771957977,rn1qkbn1/8/2b2Ppr/p2p4/P2Q1p2/RPK1P2P/1B3P2/1q4qR b q - 1 29,0.80,22334,c6b5,1,0,c6b5
1771957997,rn1qkbn1/8/5Ppr/pb1p4/P2Q1p2/RPK1P2P/1B3P2/1q4R1 b q - 0 30,0.80,20112,f4f3,1,0,f4f3
1771958016,rn1qkbn1/8/5Ppr/pb1p4/P2Q3P/RPK1Pp2/1B3P2/1q4R1 b q - 0 31,0.80,18603,b5c6,1,0,b5c6
1771958033,rn1qkbn1/8/2b2Ppr/p2p4/P6P/RPK1Pp2/1B3P2/1q1Q2R1 b q - 2 32,0.80,17265,c6b5,1,0,c6b5
1771958052,rn1qkbn1/8/5Ppr/pb1p4/P6P/RPK1Pp2/1B3P2/1q1QR3 b q - 4 33,0.80,18840,b5c6,1,0,b5c6
1771958070,rn1qkbn1/8/2b2Ppr/p2p4/P6P/RPK1Pp2/1B3P2/1q1Q1R2 b q - 6 34,0.80,17466,d5d4,1,0,d5d4
1771958089,rn1qkbn1/8/2b2Ppr/p7/P1Kp3P/RP2Pp2/1B3P2/1q1Q1R2 b q - 1 35,0.80,19027,c6e4,1,0,c6e4
1771958108,rn1qkbn1/8/5Ppr/p7/P1Kpb2P/RP2Pp2/1BQ2P2/1q3R2 b q - 3 36,0.80,18529,e4c2,1,0,e4c2
1771958126,rn1qkbn1/8/5Ppr/p7/P1Kp3P/RPB1Pp2/2b2P2/1q3R2 b q - 1 37,0.80,17921,c2d3,1,0,c2d3
